{
    "media": 5.428571428571429,
    "mediana": 5.0,
    "desvio_padrao": 2.8287878705068237,
    "percentil_75": 8.0,
    "soma": 760.0
}