{
    "media": 1534.9285714285713,
    "mediana": 1800.0,
    "desvio_padrao": 1181.8432917804842,
    "percentil_75": 2200.0,
    "soma": 214890.0
}