{
    "media": 7956.785714285715,
    "mediana": 5700.0,
    "desvio_padrao": 7979.178553125194,
    "percentil_75": 11400.0,
    "soma": 1113950.0
}